ID,NAME
1, Mike Aaman
2, Shaqquan Aaron
3, Kwesi Abakah
4, Malik Abbott
5, Hasan Abdullah
6, Jordan Abdur-Ra'oof
7, Bilal Abdur-Rahim
8, Muhammad-Ali Abdur-Rahkman
9, Kale Abrahamson
10, DeAndre Abram
11, Aleks Abrams
12, Tracy Abrams
13, Tim Abruzzo
14, Abdul-Malik Abu
15, Mohamed Abuarisha
16, Kris Acox
17, Milan Acquaah
18, Arnaud William Adala Moto
19, Ako Adams
20, Andre Adams
21, Christian Adams
22, Darian Adams
23, Eric Adams
24, Jalen Adams
25, Jaylen Adams
26, Louis Adams
27, Marlon Adams
28, Rio Adams
29, Stephaun Adams
30, Will Adams
31, Xavier Adams
32, Edrice Adebayo
33, Jordan Adebutu
34, Jubril Adekoya
35, Deng Adel
36, Seth Adelsperger
37, J.T. Adenrele
38, Silas Adheke
39, Quinton Adlesh
40, Abdul Ado
41, Nathan Adrian
42, Taylor Adway
43, Gabe Adzich
44, Ernest Aflakpui
45, Akoy Agau
46, Reggie Agbeko
47, Obij Aget
48, Jashaun Agosto
49, Bobby Ahearn
50, Esa Ahmad
51, Khalil Ahmad
52, Bashir Ahmed
53, Kyle Ahrens
54, Fiifi Aidoo
55, Bryce Aiken
56, Jaylin Airington
57, Josh Ajayi
58, Austin Ajukwa
59, Alexander Aka Gorski
60, Nicola Akele
61, Doyin Akintobi-Adeyeye
62, Abiola Akintola
63, Jamar Akoh
64, Thomas Akyazili
65, Sam Alabakis
66, Bola Alade
67, Edward Alade
68, Bryan Alberts
69, Spike Albrecht
70, Christian Albright
71, Wes Alcegaire
72, Peyton Aldridge
73, Jabari Alex
74, Courtney Alexander II
75, Greg Alexander
76, Keion Alexander
77, Kyle Alexander
78, Malachi Alexander
79, Bryce Alford
80, Kris Alford
81, Ismail Ali
82, Prince Ali
83, Amar Alibegovic
84, Mo Alie-Cox
85, Rawle Alkins
86, Alex Allbery
87, Brandon Allen
88, Brandon Allen
89, Clive Allen
90, Corey Allen
91, Dakarai Allen
92, Darrion Allen
93, Grayson Allen
94, Jarrett Allen
95, Jaylen Allen
96, Jonathan Allen
97, Jordan Allen
98, Kadeem Allen
99, KeVaughn Allen
100, Malcolm Allen
101, Marcus Allen
102, Nehemiah Allen
103, Nick Allen
104, Noah Allen
105, Peyton Allen
106, Seth Allen
107, Stavian Allen
108, Terrell Allen
109, Trevon Allen
110, Leandro Allende
111, Ky're Allison
112, Kyle Allman
113, Jake Allsmiller
114, Albert Almanza
115, Michael Almonacy
116, Francis Alonso
117, Derrick Alston Jr.
118, Shizz Alston Jr.
119, Brandon Alston
120, Justin Alston
121, Ron Alston
122, Mark Alstork
123, Gabe Alter
124, Jeffrey Altidort
125, Yito Alvarado
126, Moataz Aly
127, Kelvin Amayo
128, Francisco Amiel
129, Daniel Amigo
130, Ehab Amin
131, Wajid Aminu
132, Malik Amos
133, Dalan Ancrum
134, Jon Ander Cuadra
135, Aaron Anderson
136, Alphonso Anderson
137, Antwann Anderson
138, Antwoine Anderson
139, Brandon Anderson
140, Britton Anderson
141, C.J. Anderson
142, Carlitos Anderson
143, Carlos Anderson
144, Chance Anderson
145, Costa Anderson
146, Darian Anderson
147, Eric Anderson
148, JoJo Anderson
149, Lachlan Anderson
150, Manny Anderson
151, Richard Anderson
152, Shawn Anderson
153, Trevor Anderson
154, Tre Anderson
155, Ryan Andino
156, David Andoh
157, Kofi Andoh
158, Pat Andree
159, Daniel Andrews
160, Jamir Andrews
161, Jordan Andrews
162, Rashad Andrews
163, Georgios Angelou
164, Braian Angola-Rodas
165, Joel Angus III
166, Ike Anigbogu
167, Sacar Anim
168, Kostas Antetokounmpo
169, Rashed Anthony
170, Jack Anton
171, Dominick Antonelli
172, Jonah Antonio
173, Lucas Antunez
174, OG Anunoby
175, Beejay Anya
176, D'Quan Applewhite
177, Damani Applewhite
178, Austin Arians
179, Aaron Ariri
180, Richmond Aririguzoh
181, Aaric Armstead
182, Brandon Armstrong
183, Jacoby Armstrong
184, Tony Armstrong
185, Ore Arogundade
186, Kenneth Arrick II
187, Ruben Arroyo
188, Dominic Artis
189, Jamel Artis
190, Geno Artison
191, Jordan Ash
192, B.K. Ashe
193, Dennis Ashley
194, Jordan Ashton
195, Kwe Askew
196, A.J. Astroth
197, Matthew Atewe
198, Chris Atkinson
199, Travis Atson
200, Hassan Attia
201, Tyrin Atwood
202, Reid Aube
203, Mason Aucoin
204, Branden Aughburns
205, Aaron Augustin
206, Kent Auslander
207, Larry Austin Jr.
208, Alex Austin
209, Brandon Austin
210, Darius Austin
211, Demontrez Austin
212, Paris Austin
213, Rashad Austin
214, Adrian Autry
215, Conner Avants
216, Dillon Avare
217, Sam Averbuck
218, Brandon Averette
219, Jalen Avery
220, Austen Awosika
221, Precious Ayah
222, Josh Ayeni
223, Nick Ayers
224, Jamal Aytes
225, Udoka Azubuike
226, John Azzinaro